,co2,load_energy_mwh_pt,flow_net_mw_ES_FR,flow_net_mw_ES_PT,psi_eur_pts,d_TTF,d_coal,d_load_energy_mwh_es,d_load_energy_mwh_fr,d_cac_eur_pts,d_ibex_eur_pts,iberian_exception
d_tsi_mhar_recov_neg,-0.02607998574442676,-0.04474517474386325,-0.07188705397260474,-0.0598691952546516,0.010898383174728195,-0.06535709559816634,-0.01014988959393561,0.015033001570360744,-0.011443648137483664,-0.026461552612813747,-0.015491204469999445,-0.10553383927828958
d_tsi_mhar_recov_pos,-0.01371542653047329,-0.024418579373113047,-0.09362399297305876,-0.050818578367425704,0.006695860282646329,-0.03589971768818416,-0.018000271049732123,0.031842913355048345,0.05302562670653709,-0.019452681518961797,-0.03163723891883468,-0.12549547515825693
d_tsi_mhar_recov,-0.03848763282555995,-0.01010305876752335,-0.0712423668656857,-0.07353755666768441,0.011640472343824381,-0.04329603061291541,-0.03315484741765319,0.06845531712582414,0.030886575782779573,-0.03135632319281595,-0.024087445175564094,-0.10578343643437269
d_tsi_mhar_revar,-0.02101508458183097,-0.041660821527553044,-0.0774254516244475,-0.04982099783742302,-0.014840751828227076,-0.005710475184020516,-0.02900448783833988,0.03393776850587107,0.019696861272524926,-0.03875660115059054,-0.027721506474613664,-0.04379755963340812
