endog,nobs,r2,adj_r2,f_stat,f_pval,aic,bic,dw,nw_maxlags
d_tsi_mhar_recov,1076,0.036779237036623,0.02590562541332997,3.2234556885729457,0.00014391150649362442,-724.8479357707986,-660.0948611414161,1.744971039394011,10
d_tsi_mhar_recov_neg,1076,0.036521030226784545,0.02564450375709637,3.798880541905776,1.0953838754717656e-05,-345.041380752107,-280.2883061227245,1.7618314819028185,10
d_tsi_mhar_recov_pos,1076,0.04055683886402117,0.029725871852138153,3.769947780352915,1.2496058843664935e-05,-702.2150289160456,-637.4619542866632,1.8465460176392665,10
d_tsi_mhar_revar,1076,0.027016998327266895,0.01603318269220322,2.9856878408760976,0.00040389096624671416,-518.9756832903515,-454.22260866096906,1.8164653877323897,10
