endog,nobs,r2,adj_r2,f_stat,f_pval,aic,bic,dw,nw_maxlags
d_tsi_mhar_recov,1076,0.03247868346538452,0.02155652373028072,2.030089694476044,0.019109013729546497,-720.0545422414114,-655.3014676120289,1.7277922694912455,10
d_tsi_mhar_recov_neg,1076,0.030550281434538862,0.0196063523444302,2.943436995083918,0.00048402951003939724,-338.393907233841,-273.6408326044585,1.742197227809316,10
d_tsi_mhar_recov_pos,1076,0.032015014522417395,0.021087620518907557,2.769296743730932,0.0010120738680535787,-692.6779022746953,-627.9248276453128,1.8175735386988388,10
d_tsi_mhar_revar,1076,0.015279724230050862,0.004163408793325218,1.8573224048661352,0.03575570855574493,-506.07336208741367,-441.3202874580312,1.790089561932292,10
